{
    "cHbox_0p0_cHDD_0p0_ceHRe_0p0_ceHIm_0p0": [
        1.11871337890625,
        1.5028076171875
    ],
    "cHbox_1p0_cHDD_0p0_ceHRe_0p0_ceHIm_0p0": [
        1.41571044921875,
        1.9017333984375
    ],
    "cHbox_0p0_cHDD_1p0_ceHRe_0p0_ceHIm_0p0": [
        0.89263916015625,
        0.89276123046875
    ],
    "cHbox_0p0_cHDD_0p0_ceHRe_1p0_ceHIm_0p0": [
        0.9871826171875,
        1.32611083984375
    ],
    "cHbox_0p0_cHDD_0p0_ceHRe_0p0_ceHIm_1p0": [
        1.12286376953125,
        1.50836181640625
    ],
    "cHbox_1p0_cHDD_1p0_ceHRe_0p0_ceHIm_0p0": [
        1.12261962890625,
        1.12261962890625
    ],
    "cHbox_1p0_cHDD_0p0_ceHRe_1p0_ceHIm_0p0": [
        1.25848388671875,
        1.6905517578125
    ],
    "cHbox_1p0_cHDD_0p0_ceHRe_0p0_ceHIm_1p0": [
        1.4202880859375,
        1.907958984375
    ],
    "cHbox_0p0_cHDD_1p0_ceHRe_1p0_ceHIm_0p0": [
        0.786102294921875,
        0.786224365234375
    ],
    "cHbox_0p0_cHDD_1p0_ceHRe_0p0_ceHIm_1p0": [
        0.896026611328125,
        0.896148681640625
    ],
    "cHbox_0p0_cHDD_0p0_ceHRe_1p0_ceHIm_1p0": [
        0.991302490234375,
        1.3316650390625
    ],
    "cHbox_1p0_cHDD_1p0_ceHRe_1p0_ceHIm_0p0": [
        0.9962158203125,
        0.9962158203125
    ],
    "cHbox_1p0_cHDD_1p0_ceHRe_0p0_ceHIm_1p0": [
        1.12640380859375,
        1.12640380859375
    ],
    "cHbox_1p0_cHDD_0p0_ceHRe_1p0_ceHIm_1p0": [
        1.26312255859375,
        1.69677734375
    ],
    "cHbox_0p0_cHDD_1p0_ceHRe_1p0_ceHIm_1p0": [
        0.78948974609375,
        0.791748046875
    ],
    "cHbox_10p0_cHDD_0p0_ceHRe_0p0_ceHIm_0p0": [
        7.44677734375,
        80.6328125
    ],
    "cHbox_0p0_cHDD_10p0_ceHRe_0p0_ceHIm_0p0": [
        1.7427978515625,
        1.97479248046875
    ],
    "cHbox_0p0_cHDD_0p0_ceHRe_10p0_ceHIm_0p0": [
        0.17345428466796875,
        0.23300933837890625
    ],
    "cHbox_0p0_cHDD_0p0_ceHRe_0p0_ceHIm_10p0": [
        1.5301513671875,
        6.421142578125
    ]
}